PkId,Id,Barcode,Name,QtyInPackage,BasePrice,SalePrice,ItemGroupId,ItemCategoryId,ItemCategoryName,MeasureName,ManufacturerId,ManufacturerName,ItemSubCategoryId,ItemSubCategoryName,BrandId,BrandName,Volume,Weight,ActiveStatus
2105201015369331047,1,,Поддон,0.0,10000.0,10000.0,Бусад,,,Ширхэг,,,,,,,0.0,0.0,Y
2105201015369331048,801003,,Бяслаг Эмэнталер нүхтэй - 1хайр*4ш,0.0,38000.0,38000.0,Бяслаг,,,Клограм,,,,,,,0.0,0.0,Y
2105201015369331049,801005,,Бяслаг Чеддер хатуу -1хайр*5ш,0.0,36000.0,36000.0,Бяслаг,,,Клограм,,,,,,,0.0,0.0,Y
2105201015369331050,801007,,Бяслаг Эммэнталl 45% /Ammerland/,0.0,38000.0,38000.0,Бяслаг,,,Клограм,,,,,,,0.0,0.0,Y
2105201015369331051,801008,,Бяслаг Пармезан  кг,0.0,47000.0,47000.0,Бяслаг,,,Клограм,,,,,,,0.0,0.0,Y
2105201015369331052,801009,,Бяслаг Дорблю хөгзтэй -1хайр*2ш,0.0,58000.0,58000.0,Бяслаг,,,Клограм,,,,,,,0.0,0.0,Y
2105201015369331053,801011,4770299047890,Бяслаг Пармезан 1х*12ш*180 гр /хайрцагтай/,0.0,11100.0,11100.0,Бяслаг,,,Ширхэг,,,,,,,0.0,0.0,Y
2105201015369331054,801013,4000504141724,Бяслаг Камембер 1хайр*28*125 гр,0.0,8300.0,8300.0,Бяслаг,,,Ширхэг,,,,,,,0.0,0.0,Y
2105201015369331055,801015,,Бяслаг Landana Mild 48% /1*4кг/ Зөөлөн,0.0,68000.0,68000.0,Бяслаг,,,Клограм,,,,,,,0.0,0.0,Y
2105201015369331056,801016,,Бяслаг Landana Black garlic /1*4кг/,0.0,68000.0,68000.0,Бяслаг,,,Клограм,,,,,,,0.0,0.0,Y
2105201015369331057,804006,"8001134001323, 8001134001231","Жимсний соус ""Dreamy"" 1х*6ш*950мл",0.0,27000.0,27000.0,Бусад,,,Ширхэг,,,,,,,0.0,0.0,N
2105201015369331058,803001,4003490069584,"Сүүн крем ""Зана"" цагаан 250 гр*12ш",0.0,10900.0,10900.0,Сүүн бүтээгдэхүүн,,,Ширхэг,,,,,,,0.0,0.0,Y
2105201015369331059,803002,4001431937350,"Сүүн крем ""Зана"" шоколадтай 250 гр*12ш",0.0,5800.0,5800.0,Сүүн бүтээгдэхүүн,,,Ширхэг,,,,,,,0.0,0.0,N
2105201015369331060,803004,4003490067825,сүүн Whipping cream 1х*12ш*1кг,0.0,24000.0,24000.0,Сүүн бүтээгдэхүүн,,,Ширхэг,,,,,,,0.0,0.0,Y
2105201015369331061,801022,,Бяслаг Landana Garlic 50% /1*4кг/ Сармистай,0.0,68000.0,68000.0,Бяслаг,,,Клограм,,,,,,,0.0,0.0,Y
2105201015369331062,801023,,Бяслаг эдамер 1х*4ш 40% /Ammerland/,0.0,30500.0,30500.0,Бяслаг,,,Клограм,,,,,,,0.0,0.0,Y
2105201015369331063,804007,"8001134015498, 8001134015566, 8001134016167, 8001134015528","Жимсний соус ""Doge"" 1х*6ш*700мл",0.0,18000.0,18000.0,Бусад,,,Ширхэг,,,,,,,0.0,0.0,N
2105201015369331064,801028,,"Бяслаг Landana Goat Cheese Wild Garlic 4кг/ Ямааны сүү, зэрлэг сармистай/",0.0,78000.0,78000.0,Бяслаг,,,Клограм,,,,,,,0.0,0.0,Y
2105201015369331065,801029,,Бяслаг Landana Maasdam BIG 45% /1*12кг/,0.0,45000.0,45000.0,Бяслаг,,,Клограм,,,,,,,0.0,0.0,Y
2105201015369331066,801030,,Бяслаг Landana Mild BIG 48% /1*12кг/ Зөөлөн том,0.0,40000.0,40000.0,Бяслаг,,,Клограм,,,,,,,0.0,0.0,Y
2105201015369331067,801031,,Бяслаг Landana Peper Trio/1*4кг/ Олон перец,0.0,68000.0,68000.0,Бяслаг,,,Клограм,,,,,,,0.0,0.0,Y
2105201015369331068,801032,801032,Бяслаг Чеддер Red 50% Ammerland,0.0,36000.0,36000.0,Бяслаг,,,Клограм,,,,,,,0.0,0.0,Y
2105201015369331069,801033,801033,Бяслаг Чеддер White 50% Ammerland,0.0,36000.0,36000.0,Бяслаг,,,Клограм,,,,,,,0.0,0.0,Y
2105201015369331070,803010,4061849809465,Cream cheese 70% 2.5l Ammerland,0.0,69500.0,69500.0,Сүүн бүтээгдэхүүн,,,Ширхэг,,,,,,,0.0,0.0,Y
2105201015369331071,801036,4770299394697,Бяслаг Rambyno Whit ham 45%  /1*10ш*75гр/ утсан сыр махтай,0.0,5000.0,5000.0,Бяслаг,,,Ширхэг,,,,,,,0.0,0.0,N
2105201015369331072,801037,4000504255322,Бяслаг Фитаки шилтэй 6*300гр,0.0,14500.0,14500.0,Бяслаг,,,Ширхэг,,,,,,,0.0,0.0,Y
2105201015369331073,801038,4000504251225,Бяслаг Фетаки Актив 1х*12ш*500гр,0.0,15500.0,15500.0,Бяслаг,,,Ширхэг,,,,,,,0.0,0.0,Y
2105201015369331074,801039,4770299394703,Бяслаг Rambyno Whit fried onions 45%  /1*10ш*75гр/ утсан сыр сонгинотой,0.0,5000.0,5000.0,Бяслаг,,,Ширхэг,,,,,,,0.0,0.0,N
2105201015369331075,801040,4000538571122,"Бяслаг хуудсан ""Snack ногоон"" gouda  1х*32ш*150гр",0.0,4600.0,4600.0,Бяслаг,,,Ширхэг,,,,,,,0.0,0.0,Y
2105201015369331076,801041,4770299391610,Бяслаг Pik Nik Kids original 40%  /1*14ш*80гр/ хуулдаг сыр,0.0,2500.0,2500.0,Бяслаг,,,Ширхэг,,,,,,,0.0,0.0,N
2105201015369331077,801042,4770299394574,Бяслаг Пармезан 1х*12ш*180 гр /гялгар ууттай/,0.0,10100.0,10100.0,Бяслаг,,,Ширхэг,,,,,,,0.0,0.0,Y
2105201015369331078,801043,,Бяслаг Гоуда /Safe trade/,0.0,17900.0,17900.0,Бяслаг,,,Клограм,,,,,,,0.0,0.0,N
2105201015369331079,801045,,"Бяслаг Моцералла 1х*4ш*2,5кг Oldenburger",0.0,20500.0,20500.0,Бяслаг,,,Клограм,,,,,,,0.0,0.0,N
2105201015369331080,803006,4036300122896,Масло хямдарсан,0.0,5000.0,5000.0,Сүүн бүтээгдэхүүн,,,Ширхэг,,,,,,,0.0,0.0,Y
2105201015369331081,801047,,"Бяслаг хямдарсан эдам, гоуда",0.0,12000.0,12000.0,Бяслаг,,,Ширхэг,,,,,,,0.0,0.0,N
2105201015369331082,801048,4770299043397,Бяслаг Pik Nik Classic 40%  /1*10ш*160гр/ хуулдаг сыр,0.0,8000.0,8000.0,Бяслаг,,,Ширхэг,,,,,,,0.0,0.0,N
2105201015369331083,801049,,"Бяслаг Моцералла 1х*4ш*3,4кг /шинэ/ Sachmilch",0.0,30500.0,30500.0,Бяслаг,,,Клограм,,,,,,,0.0,0.0,Y
2105201015369331084,801050,4770299397889,Бяслаг Pik Nik Kids Twiller Big 40%  /1*13ш*160гр/ хуулдаг сыр,0.0,8000.0,8000.0,Бяслаг,,,Ширхэг,,,,,,,0.0,0.0,N
2105201015369331085,801051,4770299396899,Бяслаг Pik Nik Kids Twiller small 40%  /1*14ш*80гр/ хуулдаг сыр,0.0,5000.0,5000.0,Бяслаг,,,Ширхэг,,,,,,,0.0,0.0,N
2105201015369331086,801052,5902150591832,Бяслаг Cream cheese 24% 1л /1*6ш/,0.0,3000.0,3000.0,Бяслаг,,,Ширхэг,,,,,,,0.0,0.0,Y
2105201015369331087,802001,4650058320061,"Түрс Икра ""Дары моря"" шилтэй улаан 1х*48ш*113гр",0.0,3800.0,3800.0,"Мах, махан бүтээгдэхүүн",,,Ширхэг,,,,,,,0.0,0.0,Y
2105201015369331088,802002,4015518602000,Зайдас Thuringer Delikates /1*8ш*530гр/,0.0,6000.0,6000.0,"Мах, махан бүтээгдэхүүн",,,Ширхэг,,,,,,,0.0,0.0,Y
2105201015369331089,802003,4650058321969,"Түрс Икра ""Дары моря"" хуванцар савтай, холимог 1х*16ш*200 гр",0.0,5400.0,5400.0,"Мах, махан бүтээгдэхүүн",,,Ширхэг,,,,,,,0.0,0.0,Y
2105201015369331090,802004,4650058321709,"Түрс ""Закуска азовская, черноморская"" цөцгийтэй улаан,  1х*12ш*180 гр",0.0,4200.0,4200.0,"Мах, махан бүтээгдэхүүн",,,Ширхэг,,,,,,,0.0,0.0,Y
2105201015369331091,802005,5999060801014,"Гахайн утсан мах ""Бекон"" 200 гр *60ш",0.0,8000.0,8000.0,"Мах, махан бүтээгдэхүүн",,,Ширхэг,,,,,,,0.0,0.0,Y
2105201015369331092,802006,4015518701048,Зайдас 8ширхэгтэй Bock-wurstchen /1*6ш*650гр/,0.0,6500.0,6500.0,"Мах, махан бүтээгдэхүүн",,,Ширхэг,,,,,,,0.0,0.0,Y
2105201015369331093,802008,4015518742003,Зайдас Deichsel Pferdewiener /1*8ш*530гр/,0.0,6000.0,6000.0,"Мах, махан бүтээгдэхүүн",,,Ширхэг,,,,,,,0.0,0.0,Y
2105201015369331094,802014,,Гахайн мах Ham 5.5 кг -1хайр*2ш,0.0,21000.0,21000.0,"Мах, махан бүтээгдэхүүн",,,Клограм,,,,,,,0.0,0.0,Y
2105201015369331095,802039,4037500031766,Элэгний нухаш Lebur-wurst 1х*12ш*200гр /шилтэй/,0.0,8500.0,8500.0,"Мах, махан бүтээгдэхүүн",,,Ширхэг,,,,,,,0.0,0.0,Y
2105201015369331096,802042,,Мах тахианы гуя Chicken Whole /1*15кг/,0.0,6900.0,6900.0,"Мах, махан бүтээгдэхүүн",,,Клограм,,,,,,,0.0,0.0,Y
2105201015369331097,802043,,Мах тахианы мөч Chicken Drumstick /1*10кг/,0.0,6600.0,6600.0,"Мах, махан бүтээгдэхүүн",,,Клограм,,,,,,,0.0,0.0,Y
2105201015369331098,802044,,Мах тахианы цээж Chicken Skin less/1*12кг/,0.0,6600.0,6600.0,"Мах, махан бүтээгдэхүүн",,,Клограм,,,,,,,0.0,0.0,Y
2105201015369331099,807000,4311501496107,"Чипс ''Paprika"" 200гр 1x*20ш G&G",0.0,5600.0,5600.0,Герман Хүнс,,,Ширхэг,,,,,,,0.0,0.0,Y
2105201015369331100,804008,4002652009550,Печень Biscotti & Wafers 1х*25ш*300гр /Kuchen Meister/,0.0,1500.0,1500.0,Бусад,,,Ширхэг,,,,,,,0.0,0.0,N
2105201015369331101,804009,"5904593001039, 590459300810","Чихэр Кармель ""Minifrutki""хайрцагтай 0,5 кг*8ш",0.0,8000.0,8000.0,Бусад,,,Ширхэг,,,,,,,0.0,0.0,Y
2105201015369331102,804010,5904593000421,"Чихэр Кармель ""Minifrutki"" хайрцагтай -1кг*10ш",0.0,16000.0,16000.0,Бусад,,,Ширхэг,,,,,,,0.0,0.0,Y
2105201015369331103,805001,4002809004018,Кексний  гурил MarmorKuchen 8ш 450g,0.0,8200.0,8200.0,Ruf,,,Ширхэг,,,,,,,0.0,0.0,Y
2105201015369331104,805005,40352831,Исгэгч Backpulver 54*6 уут RUF,0.0,2400.0,2400.0,Ruf,,,Ширхэг,,,,,,,0.0,0.0,Y
2105201015369331105,805006,40352817,Ванилин-сахар 42*10 уут RUF,0.0,2100.0,2100.0,Ruf,,,Ширхэг,,,,,,,0.0,0.0,Y
2105201015369331106,805007,40352886,Желатин 56*3 уут  RUF,0.0,3700.0,3700.0,Ruf,,,Ширхэг,,,,,,,0.0,0.0,Y
2105201015369331107,804021,5904593000360,"Чихэр Кармель ""Landrynki"" ууттай 4төрөл 80гр /1x*30ш/",0.0,700.0,700.0,Бусад,,,Ширхэг,,,,,,,0.0,0.0,Y
2105201015369331108,805003,"4002809037849, 4002809003950",Пиццаны гурил 315гр*10ш,0.0,7200.0,7200.0,Ruf,,,Ширхэг,,,,,,,0.0,0.0,Y
2105201015369331109,804001,"4005195772639, 4005195000091","Хар талх Герман"" нойтон 500 гр 1х*5ш",0.0,6900.0,6900.0,Бусад,,,Ширхэг,,,,,,,0.0,0.0,Y
2105201015369331110,804003,"4601899001596, 4601899000094, 4601899003873",Зөгийн бал 500 гр -1/12,0.0,10000.0,10000.0,Бусад,,,Ширхэг,,,,,,,0.0,0.0,Y
2105201015369331111,804004,"4601899000667, 4601899002036",Зөгийн бал 350 гр -1/8,0.0,9000.0,9000.0,Бусад,,,Ширхэг,,,,,,,0.0,0.0,Y
2105201015369331112,804005,"4601899000070, 4601899003668",Зөгийн бал 250 гр -1/12,0.0,6500.0,6500.0,Бусад,,,Ширхэг,,,,,,,0.0,0.0,Y
2105201015369331113,804015,8428916013600,"Оливийн жимс хар ""Acorsa"" 300 гр -1/12",0.0,4500.0,4500.0,Бусад,,,Ширхэг,,,,,,,0.0,0.0,Y
2105201015369331114,804016,8428916523604,"Оливийн жимс ногоон ""Acorsa"" 300 гр  -1/12",0.0,4500.0,4500.0,Бусад,,,Ширхэг,,,,,,,0.0,0.0,Y
2105201015369331115,804032,40376400,"Нимбэгний хүчил ""Sizila"" 24ш*200гр",0.0,3200.0,3200.0,Бусад,,,Ширхэг,,,,,,,0.0,0.0,Y
2105201015369331116,804041,,Бяслаг Моцералла 1х*4ш*кг,0.0,20800.0,20800.0,Бяслаг,,,Клограм,,,,,,,0.0,0.0,N
2105201015369331117,807060,"43115014706, 4311501660881",Компот Ananas Scheiben 820гр 1х*12ш G&G,0.0,11800.0,11800.0,Герман Хүнс,,,Ширхэг,,,,,,,0.0,0.0,Y
2105201015369331118,808018,4311501748756,АЦХ Elkos Ultra Binden 16ш 1х*16,0.0,4100.0,4100.0,Герман ахуй,,,Ширхэг,,,,,,,0.0,0.0,Y
2105201015369331119,808001,4311536940729,Алчуур 3 өнгө*2ш  /1х*12ш/ G&G,0.0,4800.0,4800.0,Герман ахуй,,,Ширхэг,,,,,,,0.0,0.0,Y
2105201015369331120,808006,4311536083495,Гал тогооны цаас Power 4ш /1х*6ш/ G&G,0.0,5500.0,5500.0,Герман ахуй,,,Ширхэг,,,,,,,0.0,0.0,Y
2105201015369331121,808010,4311501660027,"Нойлын цаас Nature 8ш, /1х*7ш/ G&G",0.0,13000.0,13000.0,Герман ахуй,,,Ширхэг,,,,,,,0.0,0.0,Y
2105201015369331122,808016,4311501419014,Угаалгын нунтаг Classic /Vollwaschmittel/ 2.025кг G&G,0.0,25000.0,25000.0,Герман ахуй,,,Ширхэг,,,,,,,0.0,0.0,Y
2105201015369331123,808023,4311501616512,Хувцас зайлагч Weichspuler sensitev 50WL 1.5л /1х*6/,0.0,11200.0,11200.0,Герман ахуй,,,Ширхэг,,,,,,,0.0,0.0,Y
2105201015369331124,808014,4311536964275,Толбо арилгагч Gallseife 1х*12ш*250мл G&G,0.0,3000.0,3000.0,Герман ахуй,,,Ширхэг,,,,,,,0.0,0.0,Y
2105201015369331125,808022,4311501435472,Цэвэрлэгээний бодис Flecken Vorwaschspray 1х*10ш*1л G&G,0.0,7000.0,7000.0,Герман ахуй,,,Ширхэг,,,,,,,0.0,0.0,Y
2105201015369331126,808021,4311536965661,Хогны уут 1х*24ш*25л багтаамжтай G&G,0.0,3000.0,3000.0,Герман ахуй,,,Ширхэг,,,,,,,0.0,0.0,Y
2105201015369331127,808013,4311501748961,АЦХ Elkos Ultra Binden Normal 20ш 1х*16,0.0,5200.0,5200.0,Герман ахуй,,,Ширхэг,,,,,,,0.0,0.0,Y
2105201015369331128,808005,4311501484951,Аяга таваг угаагч машины капсул Classic 900g 1х*5ш,0.0,7500.0,7500.0,Герман ахуй,,,Ширхэг,,,,,,,0.0,0.0,Y
2105201015369331129,907203,4311501650196,Маалингийн үр 250гр /Leinsamen/,0.0,6950.0,6950.0,Бусад,,,Ширхэг,,,,,,,0.0,0.0,Y
2105241532450711081,801024,,Бяслаг гоуда 1х*4ш 48% /Ammerland/,0.0,30500.0,30500.0,Бяслаг,,,Клограм,,,,,,,0.0,0.0,Y
2105271823271071021,803005,5905477002777,Масло Polmlek extra 1х*50ш*200гр,0.0,6300.0,6300.0,Сүүн бүтээгдэхүүн,,,Ширхэг,,,,,,,0.0,0.0,Y
2106041658191351045,801012,4000504141823,Бяслаг Бри 1хайр*28*125 гр,0.0,8300.0,8300.0,Бяслаг,,,Ширхэг,,,,,,,0.0,0.0,Y
2106041659363891099,801053,4000538571023,"Бяслаг хуудсан ""Snack улаан"" emmentaler  1х*32ш*150гр",0.0,4600.0,4600.0,Бяслаг,,,Ширхэг,,,,,,,0.0,0.0,Y
2106041700278971061,801054,4000538571221,"Бяслаг хуудсан ""Snack шар"" Toast 1х*32ш*150гр",0.0,4600.0,4600.0,Бяслаг,,,Ширхэг,,,,,,,0.0,0.0,Y
2106041707116341023,803008,4003490020240,Сүүн крем Whipping cream Hochwald 1х*12ш*1000гр,0.0,25000.0,25000.0,Сүүн бүтээгдэхүүн,,,Ширхэг,,,,,,,0.0,0.0,Y
2106041709511121066,803003,4001431937367,"Сүүн крем ""Зана"" гүзээлзгэнэтэй 250 гр*12ш ",0.0,5800.0,5800.0,Сүүн бүтээгдэхүүн,,,Ширхэг,,,,,,,0.0,0.0,N
2106221336283841069,802012,4650058320054,"Түрс Икра ""Дары моря"" шилтэй хар1х*48ш*113гр",0.0,3800.0,3800.0,"Мах, махан бүтээгдэхүүн",,,Ширхэг,,,,,,,0.0,0.0,Y
2106221340519581088,802021,4650058321716,"Түрс ""Закуска азовская, черноморская"" цөцгийтэй хар,  1х*12ш*180 гр",0.0,4200.0,4200.0,"Мах, махан бүтээгдэхүүн",,,Ширхэг,,,,,,,0.0,0.0,Y
2107231106314611009,801001,,Бяслаг хуудсан ХЯМДАСРАН 1х*32ш*150гр,0.0,3000.0,3000.0,Бяслаг,,,Ширхэг,,,,,,,0.0,0.0,Y
2107261138110591055,801057,5904716011358,Бяслаг хуудсан Processed Cheese Polmlek 1х*26ш*130гр,0.0,2000.0,2000.0,Бяслаг,,,Ширхэг,,,,,,,0.0,0.0,N
2108100909138071020,1502001,,Төмс,0.0,0.0,0.0,Хүнс,,,Клограм,,,,,,,0.0,0.0,Y
2108100910493111096,1502002,,Сонгино /ногоон/,0.0,0.0,0.0,Хүнс,,,Клограм,,,,,,,0.0,0.0,Y
2108100911168881040,1502003,,Сонгино /бөөрөнхий/,0.0,0.0,0.0,Хүнс,,,Клограм,,,,,,,0.0,0.0,Y
2108100911407681045,1502004,,Сармис,0.0,0.0,0.0,Хүнс,,,Клограм,,,,,,,0.0,0.0,Y
2108100912014801017,1502005,,Манжин,0.0,0.0,0.0,Хүнс,,,Клограм,,,,,,,0.0,0.0,Y
2108100912150911061,1502006,,Манжин /хүрэн/,0.0,0.0,0.0,Хүнс,,,Клограм,,,,,,,0.0,0.0,Y
2108100912315861021,1502007,,Лууван,0.0,0.0,0.0,Хүнс,,,Клограм,,,,,,,0.0,0.0,Y
2108100912489251066,1502008,,Байцаа,0.0,0.0,0.0,Хүнс,,,Клограм,,,,,,,0.0,0.0,Y
2108100913072331040,1502009,,Чинжүү,0.0,0.0,0.0,Хүнс,,,Клограм,,,,,,,0.0,0.0,Y
2108100913286281018,1502010,,Огурцы /кг/,0.0,0.0,0.0,Хүнс,,,Клограм,,,,,,,0.0,0.0,Y
2108100913449781037,1502011,,Огурцы /шилтэй/,0.0,0.0,0.0,Хүнс,,,Ширхэг,,,,,,,0.0,0.0,Y
2108100914186581078,1502012,,Брокли,0.0,0.0,0.0,Хүнс,,,Клограм,,,,,,,0.0,0.0,Y
2108100914375351057,1502013,,Бууцай,0.0,0.0,0.0,Хүнс,,,Клограм,,,,,,,0.0,0.0,Y
2108100914512571009,1502014,,Хулуу,0.0,0.0,0.0,Хүнс,,,Клограм,,,,,,,0.0,0.0,Y
2108100915108471010,1502015,,Мөөг,0.0,0.0,0.0,Хүнс,,,Клограм,,,,,,,0.0,0.0,Y
2108100915227681066,1502016,,Юуцай,0.0,0.0,0.0,Хүнс,,,Клограм,,,,,,,0.0,0.0,Y
2108100915367391026,1502017,,Яншуй,0.0,0.0,0.0,Хүнс,,,Клограм,,,,,,,0.0,0.0,Y
2108100915554671041,1502018,,Помидор /үрлэн/,0.0,0.0,0.0,Хүнс,,,Клограм,,,,,,,0.0,0.0,Y
2108100916375841047,1502019,,Вандуй /лааз/,0.0,0.0,0.0,Хүнс,,,Ширхэг,,,,,,,0.0,0.0,Y
2108100916597281066,1502020,,Эрдэнэшиш /лааз/,0.0,0.0,0.0,Хүнс,,,Ширхэг,,,,,,,0.0,0.0,Y
2108100918164121098,1502021,,Сода /хүнсний/,0.0,0.0,0.0,Хүнс,,,Ширхэг,,,,,,,0.0,0.0,Y
2108100918388051021,1502022,,Гурил /кг/,0.0,0.0,0.0,Хүнс,,,Клограм,,,,,,,0.0,0.0,Y
2108100919150841034,1502023,,Гоймон /кг/,0.0,0.0,0.0,Хүнс,,,Клограм,,,,,,,0.0,0.0,Y
2108100919357031056,1502024,,Будаа /кг/,0.0,0.0,0.0,Хүнс,,,Клограм,,,,,,,0.0,0.0,Y
2108100920136361070,1502025,,Майонез /л/,0.0,0.0,0.0,Хүнс,,,Литр,,,,,,,0.0,0.0,Y
2108100921201491013,1502026,,Элсэн чихэр /кг/,0.0,0.0,0.0,Хүнс,,,Клограм,,,,,,,0.0,0.0,Y
2108100922061021023,1502027,,Гоймон лапша /кг/,0.0,0.0,0.0,Хүнс,,,Клограм,,,,,,,0.0,0.0,Y
2108100922347251047,1502028,,Будаа гурвалжин /кг/,0.0,0.0,0.0,Хүнс,,,Клограм,,,,,,,0.0,0.0,Y
2108100922580401027,1502029,,Пүнтүүз /кг/,0.0,0.0,0.0,Хүнс,,,Клограм,,,,,,,0.0,0.0,Y
2108100923319461002,1502030,,Гоймон шпагети /кг/,0.0,0.0,0.0,Хүнс,,,Клограм,,,,,,,0.0,0.0,Y
2108100924004271063,1502031,,Соус шпагети /шилтэй/,0.0,0.0,0.0,Хүнс,,,Ширхэг,,,,,,,0.0,0.0,Y
2108100924549581039,1502032,,Исгэгч,0.0,0.0,0.0,Хүнс,,,Ширхэг,,,,,,,0.0,0.0,Y
2108100925149251050,1502033,,Тос ургамлын /л/,0.0,0.0,0.0,Хүнс,,,Литр,,,,,,,0.0,0.0,Y
2108100926146651004,1502034,,Амтлагч цуу ,0.0,0.0,0.0,Хүнс,,,Ширхэг,,,,,,,0.0,0.0,Y
2108100926420731015,1502035,,Соус Soy,0.0,0.0,0.0,Хүнс,,,Ширхэг,,,,,,,0.0,0.0,Y
2108100927264711033,1502036,,Амтлагч гүжүчан,0.0,0.0,0.0,Хүнс,,,Ширхэг,,,,,,,0.0,0.0,Y
2108100927456041017,1502037,,Амтлагч Кетчуп,0.0,0.0,0.0,Хүнс,,,Ширхэг,,,,,,,0.0,0.0,Y
2108100928058391071,1502038,,Амтлагч Перец,0.0,0.0,0.0,Хүнс,,,Ширхэг,,,,,,,0.0,0.0,Y
2108100928255831071,1502039,,Өндөг,0.0,0.0,0.0,Хүнс,,,Ширхэг,,,,,,,0.0,0.0,Y
2108100935174561096,1502040,,Кимчи,0.0,0.0,0.0,Хүнс,,,Клограм,,,,,,,0.0,0.0,Y
2108100944032341023,1502041,,Амтлагч /тахиа/,0.0,0.0,0.0,Хүнс,,,Ширхэг,,,,,,,0.0,0.0,Y
2108100944315211033,1502042,,Дүпү,0.0,0.0,0.0,Хүнс,,,Ширхэг,,,,,,,0.0,0.0,Y
2108100945237551097,1502043,,Сүү,0.0,0.0,0.0,Хүнс,,,Литр,,,,,,,0.0,0.0,Y
2108100945523851022,1502044,,Амтлагч лаворын навч,0.0,0.0,0.0,Хүнс,,,Ширхэг,,,,,,,0.0,0.0,Y
2108100946305741000,1502045,,Давс,0.0,0.0,0.0,Хүнс,,,Ширхэг,,,,,,,0.0,0.0,Y
2108100946456111033,1502046,,Цай Lipton /100ш/,0.0,0.0,0.0,Хүнс,,,Ширхэг,,,,,,,0.0,0.0,Y
2108100947137951036,1502047,,Мах хонины ястай /кг/,0.0,0.0,0.0,Хүнс,,,Клограм,,,,,,,0.0,0.0,Y
2108100947578651062,1502048,,Мах хонины цул /кг/,0.0,0.0,0.0,Хүнс,,,Клограм,,,,,,,0.0,0.0,Y
2108100953420461063,1502049,,Мах ямааны цул /кг/,0.0,0.0,0.0,Хүнс,,,Клограм,,,,,,,0.0,0.0,Y
2108100954019861079,1502050,,Мах ямааны ястай /кг/,0.0,0.0,0.0,Хүнс,,,Клограм,,,,,,,0.0,0.0,Y
2108100954345301034,1502051,,Мах тэмээний цул /кг/,0.0,0.0,0.0,Хүнс,,,Клограм,,,,,,,0.0,0.0,Y
2108100954562881085,1502052,,Мах үхрийн цул /кг/,0.0,0.0,0.0,Хүнс,,,Клограм,,,,,,,0.0,0.0,Y
2108100955115761026,1502053,,Мах үхрийн ястай /кг/,0.0,0.0,0.0,Хүнс,,,Клограм,,,,,,,0.0,0.0,Y
2108100955299151037,1502054,,Мах тахианы цээж /кг/,0.0,0.0,0.0,Хүнс,,,Клограм,,,,,,,0.0,0.0,Y
2108100957129851016,1502055,,Мах тахианы гуя /кг/,0.0,0.0,0.0,Хүнс,,,Клограм,,,,,,,0.0,0.0,Y
2108100957359171025,1502056,,Мах тахианы мөч /кг/,0.0,0.0,0.0,Хүнс,,,Клограм,,,,,,,0.0,0.0,Y
2108100958082351014,1502057,,Мах Хонины сүүл /кг/,0.0,0.0,0.0,Хүнс,,,Клограм,,,,,,,0.0,0.0,Y
2108100958405251025,1502058,,Амтлагч Жан,0.0,0.0,0.0,Хүнс,,,Ширхэг,,,,,,,0.0,0.0,Y
2108100959018001059,1502059,,Мах үхрийн элэг /кг/,0.0,0.0,0.0,Хүнс,,,Клограм,,,,,,,0.0,0.0,Y
2108100959217331074,1502060,,Мах үхрийн гэдэс /кг/,0.0,0.0,0.0,Хүнс,,,Клограм,,,,,,,0.0,0.0,Y
2108100959349541091,1502061,,Мах хонины гэдэс /кг/,0.0,0.0,0.0,Хүнс,,,Клограм,,,,,,,0.0,0.0,Y
2108101000224701053,1501001,,00-н цаас,0.0,0.0,0.0,Хангамж,,,Ширхэг,,,,,,,0.0,0.0,Y
2108101001221371016,1501002,,Угаагч парлон,0.0,0.0,0.0,Хангамж,,,Ширхэг,,,,,,,0.0,0.0,Y
2108101001447301035,1501003,,Белизна,0.0,0.0,0.0,Хангамж,,,Ширхэг,,,,,,,0.0,0.0,Y
2108101002110211055,1501004,,Саван /гарын/,0.0,0.0,0.0,Хангамж,,,Ширхэг,,,,,,,0.0,0.0,Y
2108101002301841093,1501005,,Саван /эдийн/,0.0,0.0,0.0,Хангамж,,,Ширхэг,,,,,,,0.0,0.0,Y
2108101002473471020,1501006,,Хлорамин,0.0,0.0,0.0,Хангамж,,,Ширхэг,,,,,,,0.0,0.0,Y
2108101003039951000,1501007,,Угаалгын нунтаг /кг/,0.0,0.0,0.0,Хангамж,,,Клограм,,,,,,,0.0,0.0,Y
2108101003355041034,1501008,,Угаалгын шингэн /Л/,0.0,0.0,0.0,Хангамж,,,Литр,,,,,,,0.0,0.0,Y
2108101005014361020,1501009,,Резинэн бээлий,0.0,0.0,0.0,Хангамж,,,Ширхэг,,,,,,,0.0,0.0,Y
2108101037260981043,1501010,,Скоч хүнсний,0.0,0.0,0.0,Хангамж,,,Ширхэг,,,,,,,0.0,0.0,Y
2108101037467701020,1501011,,Алчуур элгэн,0.0,0.0,0.0,Хангамж,,,Ширхэг,,,,,,,0.0,0.0,Y
2108101038566951042,1501012,,Алчуур дунд,0.0,0.0,0.0,Хангамж,,,Ширхэг,,,,,,,0.0,0.0,Y
2108101039110051092,1501013,,Алчуур жижиг,0.0,0.0,0.0,Хангамж,,,Ширхэг,,,,,,,0.0,0.0,Y
2108101039366471000,1501014,,Үдээсний запас,0.0,0.0,0.0,Хангамж,,,Ширхэг,,,,,,,0.0,0.0,Y
2108101039554401029,1501015,,Цаасны цавуу,0.0,0.0,0.0,Хангамж,,,Ширхэг,,,,,,,0.0,0.0,Y
2108101040124371059,1501016,,Скоч,0.0,0.0,0.0,Хангамж,,,Ширхэг,,,,,,,0.0,0.0,Y
2108101040289081060,1501017,,Сальфетка гал тогооны,0.0,0.0,0.0,Хангамж,,,Ширхэг,,,,,,,0.0,0.0,Y
2108101041014221041,1501018,,Шил цэвэрлэгч,0.0,0.0,0.0,Хангамж,,,Ширхэг,,,,,,,0.0,0.0,Y
2108101041165851019,1501019,,Хулганы хор,0.0,0.0,0.0,Хангамж,,,Ширхэг,,,,,,,0.0,0.0,Y
2108101041306881040,1501020,,Стикертэй цаас,0.0,0.0,0.0,Хангамж,,,Ширхэг,,,,,,,0.0,0.0,Y
2108101505513801028,1501021,,Бичгийн цаас /боодол/,0.0,0.0,0.0,Хангамж,,,Ширхэг,,,,,,,0.0,0.0,Y
2108250823104401063,802007,"4610138731941, 4650058327480","Түрс Икра ""Русская"" шилтэй улаан 1х*12ш*200 гр",0.0,5800.0,5800.0,"Мах, махан бүтээгдэхүүн",,,Ширхэг,,,,,,,0.0,0.0,Y
2108250831290211090,802009,"4610138731958, 4650058327473","Түрс Икра ""Русская""  шилтэй хар 1х*12ш*200 гр",0.0,5800.0,5800.0,"Мах, махан бүтээгдэхүүн",,,Ширхэг,,,,,,,0.0,0.0,Y
2109021026067531099,1502062,,Тос Гүнжид /л/,0.0,0.0,0.0,Хүнс,,,Литр,,,,,,,0.0,0.0,Y
2110021002598151082,1501022,,Цаасны хутга,0.0,0.0,0.0,Хангамж,,,Ширхэг,,,,,,,0.0,0.0,Y
2110021003187951026,1501023,,Тодруулагч,0.0,0.0,0.0,Хангамж,,,Ширхэг,,,,,,,0.0,0.0,Y
2110021013417311084,1501024,,Нэг удаагийн бээлий,0.0,0.0,0.0,Хангамж,,,Ширхэг,,,,,,,0.0,0.0,Y
2110051019468711066,1501025,,Хавтас нүхтэй,0.0,0.0,0.0,Хангамж,,,Ширхэг,,,,,,,0.0,0.0,Y
2110051020046671068,1501026,,Хавтас,0.0,0.0,0.0,Хангамж,,,Ширхэг,,,,,,,0.0,0.0,Y
2110051021287781039,1501027,,Бал шар,0.0,0.0,0.0,Хангамж,,,Ширхэг,,,,,,,0.0,0.0,Y
2110051021387351061,1501028,,цаасны хутганы ир,0.0,0.0,0.0,Хангамж,,,Ширхэг,,,,,,,0.0,0.0,Y
2110051021528221001,1501029,,Хавчаар,0.0,0.0,0.0,Хангамж,,,Ширхэг,,,,,,,0.0,0.0,Y
2110051026434431057,1501030,,Тодруулагч,0.0,0.0,0.0,Хангамж,,,Ширхэг,,,,,,,0.0,0.0,Y
2110191628119931088,801002,4000504149423,Бяслаг Cambozola 1хайр*10*125 гр,0.0,8300.0,8300.0,Бяслаг,,,Ширхэг,,,,,,,0.0,0.0,Y
2111031343106201013,1501031,,Алчуур 6-тай,0.0,0.0,0.0,Хангамж,,,Ширхэг,,,,,,,0.0,0.0,Y
2111031651239711037,1502063,,Мах /элэг/,0.0,0.0,0.0,Хүнс,,,Клограм,,,,,,,0.0,0.0,Y
2111031651403171056,1502064,,Цай /гүрж дүрдэг/,0.0,0.0,0.0,Хүнс,,,Ширхэг,,,,,,,0.0,0.0,Y
2111031652069331070,1502065,,Нохойн хоол,0.0,0.0,0.0,Хүнс,,,Клограм,,,,,,,0.0,0.0,Y
2111031656214631009,1502066,,Мах машиндсан /хонины/,0.0,0.0,0.0,Хүнс,,,Клограм,,,,,,,0.0,0.0,Y
2111031656560981044,1502067,,Мах машиндсан /ямаа/,0.0,0.0,0.0,Хүнс,,,Клограм,,,,,,,0.0,0.0,Y
2111031657102111043,1502068,,Мах машиндсан /үхэр/,0.0,0.0,0.0,Хүнс,,,Клограм,,,,,,,0.0,0.0,Y
2111031657353211042,1502069,,Будаа шар /кг/,0.0,0.0,0.0,Хүнс,,,Клограм,,,,,,,0.0,0.0,Y
2111040903438911058,1501032,,Хогны уут,0.0,0.0,0.0,Хангамж,,,Ширхэг,,,,,,,0.0,0.0,Y
2111081603086371048,801004,,Бяслаг Моцералла 1х*10кг Hochwald,0.0,30500.0,30500.0,Бяслаг,,,Клограм,,,,,,,0.0,0.0,Y
2111081623558071050,1501033,,Техникийн үзлэгийн хуудас /дэвтэр/,0.0,0.0,0.0,Хангамж,,,Ширхэг,,,,,,,0.0,0.0,Y
2111081624382901031,1501034,,Орлогын баримт Бэлэн мөнгөний /дэвтэр/,0.0,0.0,0.0,Хангамж,,,Ширхэг,,,,,,,0.0,0.0,Y
2111081634535141069,1501035,,Кассын талоны цаас,0.0,0.0,0.0,Хангамж,,,Ширхэг,,,,,,,0.0,0.0,Y
2111081635500651031,1501036,,Арилгагч /растворитель/,0.0,0.0,0.0,Хангамж,,,Ширхэг,,,,,,,0.0,0.0,Y
2111081636301181098,1501037,,Зарлагын баримт /дэвтэр/,0.0,0.0,0.0,Хангамж,,,Ширхэг,,,,,,,0.0,0.0,Y
2111241947472571042,807001,4311596428212,Сухар Panier Mehl 1кг 1х*10ш G&G,0.0,9500.0,9500.0,Герман Хүнс,,,Ширхэг,,,,,,,0.0,0.0,Y
2111241947472571043,807003,4311596413898,Төмсний нухаш Puree 345гр 1х*12ш G&G,0.0,7500.0,7500.0,Герман Хүнс,,,Ширхэг,,,,,,,0.0,0.0,Y
2111241947472571044,807005,"4311596410644, 4311501006122",Гоймон Spaghetti 500гр 1х*20ш G&G,0.0,4900.0,4900.0,Герман Хүнс,,,Ширхэг,,,,,,,0.0,0.0,Y
2111241947472571045,807006,4311596413812,Гоймон Spaghetti  соустай 397гр 1х*20ш G&G,0.0,8900.0,8900.0,Герман Хүнс,,,Ширхэг,,,,,,,0.0,0.0,Y
2111241947472571046,807007,4311596410620,Гоймон Fussilli буржгар 500гр 1х*20ш G&G,0.0,5500.0,5500.0,Герман Хүнс,,,Ширхэг,,,,,,,0.0,0.0,Y
2111241947472571047,807008,"4311501757253, 4311501457023",Варень Erdbeer гүзээлзгэнэ 450гр 1х*10ш G&G,0.0,9800.0,9800.0,Герман Хүнс,,,Ширхэг,,,,,,,0.0,0.0,Y
2111241947472571048,807009,4311501757055,Варень Waldfrucht Ойн жимс 450гр 1х*10ш G&G,0.0,9800.0,9800.0,Герман Хүнс,,,Ширхэг,,,,,,,0.0,0.0,Y
2111241947472571049,807010,"4311501757130, 4311501457085",Варень Himbeer Бөөрөлзгөнө 450гр 1х*10ш G&G,0.0,9800.0,9800.0,Герман Хүнс,,,Ширхэг,,,,,,,0.0,0.0,Y
2111241947472571050,807011,4311501658680,Соус Napol 400гр 1х*10ш G&G,0.0,8200.0,8200.0,Герман Хүнс,,,Ширхэг,,,,,,,0.0,0.0,Y
2111241947472571051,807012,4311501658659,Соус Blognesei 400гр 1х*10ш G&G,0.0,8200.0,8200.0,Герман Хүнс,,,Ширхэг,,,,,,,0.0,0.0,Y
2111241947472571052,807014,4311501692943,Амтлагч Pesto Rosso 190гр 1х*12ш G&G,0.0,4800.0,4800.0,Герман Хүнс,,,Ширхэг,,,,,,,0.0,0.0,Y
2111241947472571053,807015,4311501692912,Амтлагч Pesto alla genovese 190гр 1х*12ш G&G,0.0,6000.0,6000.0,Герман Хүнс,,,Ширхэг,,,,,,,0.0,0.0,Y
2111241947472571054,807017,4311501720042,Өглөөний хоол Corn Flakes 500гр 1х*4ш G&G,0.0,9500.0,9500.0,Герман Хүнс,,,Ширхэг,,,,,,,0.0,0.0,Y
2111241947472571055,807018,4311501688762,Өглөөний хоол Schoko Chips 750гр 1х*4ш G&G,0.0,16500.0,16500.0,Герман Хүнс,,,Ширхэг,,,,,,,0.0,0.0,Y
2111241947472571056,807019,4311501481950,Өглөөний хоол Honey Wheat 750гр 1х*3ш G&G,0.0,16500.0,16500.0,Герман Хүнс,,,Ширхэг,,,,,,,0.0,0.0,Y
2111241947472571057,807020,4311501692776,Салат амтлагч Joghurt dressing 500мл 1х*6ш G&G,0.0,8800.0,8800.0,Герман Хүнс,,,Ширхэг,,,,,,,0.0,0.0,Y
2111241947472571058,807021,4311596454402,Амтлагч Гич Senf mittelscharf 250мл 1х*18ш G&G,0.0,5000.0,5000.0,Герман Хүнс,,,Ширхэг,,,,,,,0.0,0.0,Y
2111241947472571059,807023,4311501692752,Салат амтлагч French dressing 500мл 1х*6ш G&G,0.0,8800.0,8800.0,Герман Хүнс,,,Ширхэг,,,,,,,0.0,0.0,Y
2111241947472571060,807024,4311501601129,Салат амтлагч Sylter Liebe 500мл 1х*6ш G&G,0.0,8800.0,8800.0,Герман Хүнс,,,Ширхэг,,,,,,,0.0,0.0,Y
2111241947472571061,807025,4311501470626,Компот 5-Frucht Cocktail 820гр 1х*12ш G&G,0.0,10000.0,10000.0,Герман Хүнс,,,Ширхэг,,,,,,,0.0,0.0,Y
2111241947472571062,807026,4311501719725,Өглөөний хоол Musli 1кг 1х*5ш G&G,0.0,12000.0,12000.0,Герман Хүнс,,,Ширхэг,,,,,,,0.0,0.0,Y
2111241947472571063,807027,"4000281208504, 4000281157512",Чихэр үрлэн Schocolinsen 250гр 1х*20ш G&G,0.0,6300.0,6300.0,Герман Хүнс,,,Ширхэг,,,,,,,0.0,0.0,Y
2111241947472571064,807028,"4311501484777, 4311501748053",Үзэмтэй үрэл Shoco Rosinen 200гр 1х*24ш,0.0,5600.0,5600.0,Герман Хүнс,,,Ширхэг,,,,,,,0.0,0.0,Y
2111241947472571065,807029,4311501795996,Жигнэмэг Cookies American style 225гр 1х*24ш G&G,0.0,6600.0,6600.0,Герман Хүнс,,,Ширхэг,,,,,,,0.0,0.0,Y
2111241947472571066,807032,4311501346846,Шоколад Coverture vollm 38%/edeka зузаан/ 200гр 1х*18ш G&G,0.0,5500.0,5500.0,Герман Хүнс,,,Ширхэг,,,,,,,0.0,0.0,Y
2111241947472571067,807033,"4311501346907, 4311501696491",Шоколад Coverture Zartb 60%/edeka зузаан/ 200гр 1х*11ш G&G,0.0,6900.0,6900.0,Герман Хүнс,,,Ширхэг,,,,,,,0.0,0.0,Y
2111241947472571068,807034,4311501685068,Жигнэмэг SpritzGeback mischung 500гр 1х*10ш G&G,0.0,8500.0,8500.0,Герман Хүнс,,,Ширхэг,,,,,,,0.0,0.0,Y
2111241947472571069,807035,"4311501694534, 4311501734001",Шоколад Musli Riegel 200гр 1х*9ш G&G,0.0,5060.0,5060.0,Герман Хүнс,,,Ширхэг,,,,,,,0.0,0.0,Y
2111241947472571070,808017,4311501713150,Угаалгын нунтаг Color wash 2.025kg G&G /будагтай хувцас/,0.0,25000.0,25000.0,Герман ахуй,,,Ширхэг,,,,,,,0.0,0.0,Y
2111241947472571071,808004,4311501484890,Аяга угаагч шингэн Geschirrspuelm 1х*12ш*1л G&G,0.0,6500.0,6500.0,Герман ахуй,,,Ширхэг,,,,,,,0.0,0.0,Y
2111241947472571072,808003,4311501544952,Аяга угаагч парлон Topf Reiniger 1х*8ш G&G,0.0,4000.0,4000.0,Герман ахуй,,,Ширхэг,,,,,,,0.0,0.0,Y
2111241947472571073,808008,"4311501522363, 4311501590119",Лаа Spitzkerzen red 1х*6ш G&G 8цаг,0.0,15500.0,15500.0,Герман ахуй,,,Ширхэг,,,,,,,0.0,0.0,Y
2111241947472571074,808007,"4311536966408, 4311501590133",Лаа Spitzkerzen white 1х*6ш G&G 8цаг,0.0,15500.0,15500.0,Герман ахуй,,,Ширхэг,,,,,,,0.0,0.0,Y
2111241947472571075,808011,4311501656648,"Нүүр цэвэрлэгч хөвөн Elkos Watterpads 140ш, /1х*20ш/",0.0,4900.0,4900.0,Герман ахуй,,,Ширхэг,,,,,,,0.0,0.0,Y
2111241947472571076,808020,4311536921100,Хогны уут 1х*18ш*35л багтаамжтай G&G,0.0,6500.0,6500.0,Герман ахуй,,,Ширхэг,,,,,,,0.0,0.0,Y
2111241947472571077,808019,4311536921124,Хогны уут 1х*15ш*120л багтаамжтай G&G,0.0,8000.0,8000.0,Герман ахуй,,,Ширхэг,,,,,,,0.0,0.0,Y
2111241947472571078,808009,4311501514443,"Лаа Teelichte 30ш, /1х*12ш/ G&G",0.0,9300.0,9300.0,Герман ахуй,,,Ширхэг,,,,,,,0.0,0.0,Y
2111241947472571079,808029,4311501657409,Шүдний ОО Denta max  Zahncreme /1х*12ш*125мл/ Elkos,0.0,4900.0,4900.0,Герман ахуй,,,Ширхэг,,,,,,,0.0,0.0,Y
2111241947472571080,808002,4311536965050,Алчуур шалны Bodentuch 50*55см /1х*14ш/ G&G,0.0,5500.0,5500.0,Герман ахуй,,,Ширхэг,,,,,,,0.0,0.0,Y
2111241947472571081,808015,"4311536920981, 4015321994064",Тугалган цаас Alufolie 30м*30см /1х*24ш/ G&G,0.0,10500.0,10500.0,Герман ахуй,,,Ширхэг,,,,,,,0.0,0.0,Y
2111241947472571082,808027,"4311501677926, 4311501752418",Шингэн саван Elkos 1х*8ш*300мл /нимбэг/,0.0,4200.0,4200.0,Герман ахуй,,,Ширхэг,,,,,,,0.0,0.0,Y
2111241947472571083,808026,"4311501678077, 4311501752265",Шингэн саван Elkos 1х*8ш*300мл /зөгийн бал/,0.0,4200.0,4200.0,Герман ахуй,,,Ширхэг,,,,,,,0.0,0.0,Y
2111241947472571084,808028,"4311501677834, 4311501752579",Шингэн саван Elkos 1х*8ш*300мл /эрэгтэй sport/,0.0,4200.0,4200.0,Герман ахуй,,,Ширхэг,,,,,,,0.0,0.0,Y
2111241947472571085,808024,"4311501708491, 4311501010914",Шампунь Elkos 1х*6ш*500мл /Fru+vitamin/,0.0,5800.0,5800.0,Герман ахуй,,,Ширхэг,,,,,,,0.0,0.0,Y
2111241947472571086,808025,"4311501708064, 4311501010952",Шампунь Elkos 1х*6ш*500мл /Krauter/,0.0,5800.0,5800.0,Герман ахуй,,,Ширхэг,,,,,,,0.0,0.0,Y
2111241947472571087,808012,4311501659823,Гарын саван Elkos Cremeseife 1х*36ш*150гр,0.0,3000.0,3000.0,Герман ахуй,,,Ширхэг,,,,,,,0.0,0.0,Y
2111271026281781075,1502070,,Далайн байцаа,0.0,0.0,0.0,Хүнс,,,Ширхэг,,,,,,,0.0,0.0,Y
2111271026502261065,1502071,,Амтлагч Maggi,0.0,0.0,0.0,Хүнс,,,Ширхэг,,,,,,,0.0,0.0,Y
2111271027132811058,1502072,,Кофе,0.0,0.0,0.0,Хүнс,,,Ширхэг,,,,,,,0.0,0.0,Y
2111271114392571009,1502073,,Хиам,0.0,0.0,0.0,Хүнс,,,Клограм,,,,,,,0.0,0.0,Y
2112141840428991015,802010,4012665402422,Зайдас Harzer zwerge /1*12ш*375гр/,0.0,6000.0,6000.0,"Мах, махан бүтээгдэхүүн",,,Ширхэг,,,,,,,0.0,0.0,Y
2112150811384471044,802011,4015518000004,Зайдас 5ширхэгтэй Bock-wurst /1*6ш*650гр/,0.0,7500.0,7500.0,"Мах, махан бүтээгдэхүүн",,,Ширхэг,,,,,,,0.0,0.0,Y
2112171251145521000,901089,657738000590,Олив/тос Pomace 1л Тэнгэр,0.0,20000.0,20000.0,Худалдан авалт,,,Ширхэг,,,,,,,0.0,0.0,Y
2112171254143871035,901088,657738000408,Олив/тос Extra virgin 1л Тэнгэр,0.0,25500.0,25500.0,Худалдан авалт,,,Ширхэг,,,,,,,0.0,0.0,N
2112231046575971051,1502074,,Аарц,0.0,0.0,0.0,Хүнс,,,Клограм,,,,,,,0.0,0.0,Y
2112231051409761025,1501038,,Ажлын бээлий,0.0,0.0,0.0,Хангамж,,,Ширхэг,,,,,,,0.0,0.0,Y
2112231052118091052,1501039,,Маркер,0.0,0.0,0.0,Хангамж,,,Ширхэг,,,,,,,0.0,0.0,Y
2201041511550061098,1501040,,Тор /цагаан/,0.0,0.0,0.0,Хангамж,,,Ширхэг,,,,,,,0.0,0.0,Y
2201041512177181021,1501041,,Тор /Хөх жижиг/,0.0,0.0,0.0,Хангамж,,,Ширхэг,,,,,,,0.0,0.0,Y
2201041512379271017,1501042,,Бэлэгний уут,0.0,0.0,0.0,Хангамж,,,Ширхэг,,,,,,,0.0,0.0,Y
2201041512534201072,1501043,,Мэндчилгээний хуудас,0.0,0.0,0.0,Хангамж,,,Ширхэг,,,,,,,0.0,0.0,Y
2201181403426261009,807057,4311596410828,Давс Jodsalz 500гр 1х*24ш,0.0,2400.0,2400.0,Герман Хүнс,,,Ширхэг,,,,,,,0.0,0.0,Y
2201181405106141000,807058,4311596421053,Самар лаазтай давсалсан Erdnusse 200гр 1х*30ш,0.0,6400.0,6400.0,Герман Хүнс,,,Ширхэг,,,,,,,0.0,0.0,Y
2201181406176661086,807059,4311501799345,Үзэм хатаасан Student futter 200гр 1х*24ш,0.0,6800.0,6800.0,Герман Хүнс,,,Ширхэг,,,,,,,0.0,0.0,Y
2201271124471081090,1501044,,Тасалдаг уут,0.0,0.0,0.0,Хангамж,,,Ширхэг,,,,,,,0.0,0.0,Y
2201271130078521009,1501045,,Чихрийн уут,0.0,0.0,0.0,Хангамж,,,Ширхэг,,,,,,,0.0,0.0,Y
2202221308207821056,801058,,Бяслаг эдамер 1х*4ш 40% Safe,0.0,30500.0,30500.0,Бяслаг,,,Клограм,,,,,,,0.0,0.0,Y
2202221308545211011,801059,,Бяслаг гоуда 1х*4ш 48% Safe,0.0,30500.0,30500.0,Бяслаг,,,Клограм,,,,,,,0.0,0.0,Y
2202221309100291004,801060,,Бяслаг Моцералла 1х*10кг ГАН,0.0,32000.0,32000.0,Бяслаг,,,Клограм,,,,,,,0.0,0.0,N
2202251041571901261,1502075,,Будаа ХӨЦ /кг/,0.0,0.0,0.0,Хүнс,,,Клограм,,,,,,,0.0,0.0,Y
2203110832317101232,803009,,хямдарсан Cheese cream,0.0,10000.0,10000.0,Сүүн бүтээгдэхүүн,,,Ширхэг,,,,,,,0.0,0.0,Y
2203161440215941269,801010,4770299392952,Бяслаг Пармезан ууттай зүссэн 100гр,0.0,5000.0,5000.0,Бяслаг,,,Ширхэг,,,,,,,0.0,0.0,N
2203250824366651293,807002,4311501720073,Өглөөний хоол Nougat bits 750гр 1х*5ш G&G,0.0,16500.0,16500.0,Герман Хүнс,,,Ширхэг,,,,,,,0.0,0.0,Y
2203250826206211272,807004,4311501607480,Өглөөний хоол Mini Zimtos 750гр 1х*4ш G&G,0.0,16500.0,16500.0,Герман Хүнс,,,Ширхэг,,,,,,,0.0,0.0,Y
2203250827434471215,807013,4311501687499,Өглөөний хоол Happy Hoops 750гр 1х*5ш G&G,0.0,16500.0,16500.0,Герман Хүнс,,,Ширхэг,,,,,,,0.0,0.0,Y
2203250929585121278,807016,4311501707531,Сахар Rohrohr zucker 500г 1х*7ш,0.0,7500.0,7500.0,Герман Хүнс,,,Ширхэг,,,,,,,0.0,0.0,Y
2203250940344981218,807030,4311501696071,Шоколад Block 40% 200гр 1х*23ш G&G,0.0,6600.0,6600.0,Герман Хүнс,,,Ширхэг,,,,,,,0.0,0.0,Y
2203250942182351285,807031,4008407013513,Чиа үр Chaisamen 300г 1х*8ш,0.0,10000.0,10000.0,Герман Хүнс,,,Ширхэг,,,,,,,0.0,0.0,Y
2203250947542871204,808030,4311501659793,Эдийн саван elkos Kernseife 150г 1х*12 ,0.0,4200.0,4200.0,Герман ахуй,,,Ширхэг,,,,,,,0.0,0.0,Y
2203250950385101266,808031,4311501742389,АЦХ Elkos Damen Binden super 15ш 1х*12,0.0,3000.0,3000.0,Герман ахуй,,,Ширхэг,,,,,,,0.0,0.0,Y
2203250952323061278,808032,4311501680506,АЦХ Elkos Damen Binden normal 20ш 1х*12,0.0,4800.0,4800.0,Герман ахуй,,,Ширхэг,,,,,,,0.0,0.0,Y
2203250953474651297,807022,4311596438914,Вандуй Erbsen 400г 1х*12,0.0,4000.0,4000.0,Герман Хүнс,,,Ширхэг,,,,,,,0.0,0.0,Y
2203250955028281246,807036,4311501435229,Шиш Sonnen 330г 1х*12,0.0,4000.0,4000.0,Герман Хүнс,,,Ширхэг,,,,,,,0.0,0.0,Y
2203250957170521287,807037,4311596062607,Томат лаазалсан 800г 1х*12,0.0,8000.0,8000.0,Герман Хүнс,,,Ширхэг,,,,,,,0.0,0.0,Y
2203251000010631297,808033,4311501680377,АЦХ Elkos өдөр тутам Slipeinlage normal 45ш 1х*10,0.0,6600.0,6600.0,Герман ахуй,,,Ширхэг,,,,,,,0.0,0.0,Y
2205160916143111210,807061,4311501714614,Жигнэмэг Waffel mischung 400гр 1х*10ш G&G,0.0,10200.0,10200.0,Герман Хүнс,,,Ширхэг,,,,,,,0.0,0.0,Y
2205181004255321276,805004,40352961,Хөөлгөгч Hefe 58*3 уут RUF,0.0,2400.0,2400.0,Ruf,,,Ширхэг,,,,,,,0.0,0.0,Y
2205181017333901284,805002,4002809004025,Кексний гурил SchokoKuchen 8ш 475гр,0.0,8200.0,8200.0,Ruf,,,Ширхэг,,,,,,,0.0,0.0,Y
2206281015388811294,1501046,,Шүршдэг будаг,0.0,0.0,0.0,Хангамж,,,Ширхэг,,,,,,,0.0,0.0,Y
2206281023137971227,1502076,,Үхрийн хэл,0.0,0.0,0.0,Хүнс,,,Клограм,,,,,,,0.0,0.0,Y
2206281034188551253,1501047,,Штрих /Бичиг арилгагч/,0.0,0.0,0.0,Хангамж,,,Ширхэг,,,,,,,0.0,0.0,Y
2209061459303611246,1502077,,Гурил дээд /кг/,0.0,0.0,0.0,Хүнс,,,Клограм,,,,,,,0.0,0.0,Y
2209130821482941225,1501048,,Тооны машин,0.0,0.0,0.0,Хангамж,,,Ширхэг,,,,,,,0.0,0.0,Y
2209130942441661247,803007,4250365909845,Масло Deutsche Markenbutter 1х*24ш*200гр,0.0,8600.0,8600.0,Сүүн бүтээгдэхүүн,,,Ширхэг,,,,,,,0.0,0.0,Y
2209211325520561263,808034,4311501656730,"Хөвөн чихний Elkos Watterpads 50ш, /1х*20ш/",0.0,3100.0,3100.0,Герман ахуй,,,Ширхэг,,,,,,,0.0,0.0,Y
2209220805257581259,808035,"4311501608784, 4311596655625",Нүдний шил цэвэрлэгч Brillen Putztucher 54ш /1*8ш/ G&G,0.0,4500.0,4500.0,Герман ахуй,,,Ширхэг,,,,,,,0.0,0.0,Y
2209220815168341268,808036,4311501513224,Хүнсний скоч Frischhaltefolie 75м /1х*24ш/ G&G,0.0,6000.0,6000.0,Герман ахуй,,,Ширхэг,,,,,,,0.0,0.0,Y
2209220829080741250,807062,4311596062409,Компот Тоор Pfirsiche halbe 820гр 1х*12ш G&G,0.0,10000.0,10000.0,Герман Хүнс,,,Ширхэг,,,,,,,0.0,0.0,Y
2209220831384321221,807063,4311501660829,Компот Ananas stucke 565гр 1х*12ш G&G,0.0,8000.0,8000.0,Герман Хүнс,,,Ширхэг,,,,,,,0.0,0.0,Y
2209220832378731216,807064,4311501735206,Компот Интоор 680гр 1х*12ш G&G,0.0,9500.0,9500.0,Герман Хүнс,,,Ширхэг,,,,,,,0.0,0.0,Y
2209220833345011206,807065,4311596421626,Оливын тос EXTRA 750ml /1х*12ш/ G&G,0.0,18000.0,18000.0,Герман Хүнс,,,Ширхэг,,,,,,,0.0,0.0,Y
2209220835152811253,807066,4311501675250,Загас туна лаазтай Thunfisch filets 195g /1x*48ш/ G&G,0.0,8500.0,8500.0,Герман Хүнс,,,Ширхэг,,,,,,,0.0,0.0,Y
2209220837040891259,807067,4311501365014,Жигнэмэг Double chocolate cookies 200гр 1х*12ш G&G,0.0,6800.0,6800.0,Герман Хүнс,,,Ширхэг,,,,,,,0.0,0.0,Y
2209220838226711295,807068,4311501737965,Жигнэмэг Cream cookies 210гр 1х*12ш G&G,0.0,6800.0,6800.0,Герман Хүнс,,,Ширхэг,,,,,,,0.0,0.0,Y
2209220843469551257,807069,4311501733844,Жүүс Apfelsaft 1л 100% /1х*6ш/,0.0,5000.0,5000.0,Герман Хүнс,,,Ширхэг,,,,,,,0.0,0.0,Y
2209220845110381234,807070,4311501733813,Жүүс Orangensaft 1л 100% /1х*6ш/,0.0,5000.0,5000.0,Герман Хүнс,,,Ширхэг,,,,,,,0.0,0.0,Y
2209220846081301284,807071,4311596429769,Зөгийн бал Honig 500g /1х*10ш/ G&G,0.0,20000.0,20000.0,Герман Хүнс,,,Ширхэг,,,,,,,0.0,0.0,Y
2210051734131471221,801006,,Бяслаг хямдарсан,0.0,23500.0,23500.0,Бяслаг,,,Клограм,,,,,,,0.0,0.0,Y
2211111113362881247,1501052,,Комет /цэвэрлэгээний бодис/,0.0,0.0,0.0,Хангамж,,,Ширхэг,,,,,,,0.0,0.0,Y
2211111114007341253,1501050,,Нооон шүүр,0.0,0.0,0.0,Хангамж,,,Ширхэг,,,,,,,0.0,0.0,Y
2211111114399671288,1501051,,Хүрз,0.0,0.0,0.0,Хангамж,,,Ширхэг,,,,,,,0.0,0.0,Y
2211111118471531256,1501049,,Газ,0.0,0.0,0.0,Хангамж,,,Ширхэг,,,,,,,0.0,0.0,Y
2211140946461501234,1501053,,Хувин,0.0,0.0,0.0,Хангамж,,,Ширхэг,,,,,,,0.0,0.0,Y
2211140948424961284,1501054,,Алчуур /Комиссын/,0.0,0.0,0.0,Хангамж,,,Ширхэг,,,,,,,0.0,0.0,Y
2211301903238481276,808037,4311501499559,Шүдний Сойз Denta max  ZahnBurst /1х*13ш/ Elkos,0.0,3800.0,3800.0,Герман ахуй,,,Ширхэг,,,,,,,0.0,0.0,Y
2212081549022281241,1501055,,Ногоо арилгагч,0.0,0.0,0.0,Хангамж,,,Ширхэг,,,,,,,0.0,0.0,Y
2212081550035181245,1501056,,Шал угаагч шингэн,0.0,0.0,0.0,Хангамж,,,Ширхэг,,,,,,,0.0,0.0,Y
2212081550297781210,1502078,,Амтлагч /Гоньд/,0.0,0.0,0.0,Хүнс,,,Клограм,,,,,,,0.0,0.0,Y
2212261608471331232,1502079,,Алимны цуу,0.0,0.0,0.0,Хүнс,,,Ширхэг,,,,,,,0.0,0.0,Y
2303311845207031261,1501057,,Хантааз /Ажилчдын/,0.0,0.0,0.0,Хангамж,,,Ширхэг,,,,,,,0.0,0.0,Y
2304121027297641266,805008,4002809037696,Төрсөн өдрийн бялууны бэлдэц 425гр /18см 1*7ш/,0.0,15000.0,15000.0,Ruf,,,Ширхэг,,,,,,,0.0,0.0,Y
2304121030289381291,805009,4002809037436,Иристэй бялууны бэлдэц 455гр /Salted caramel brownies 1*8ш/,0.0,15000.0,15000.0,Ruf,,,Ширхэг,,,,,,,0.0,0.0,Y
2304121034251971272,805010,4002809036163,Жигнэмэгний гурил 475гр /Knusper kekse 1*8ш/,0.0,13000.0,13000.0,Ruf,,,Ширхэг,,,,,,,0.0,0.0,Y
2304121038080421218,805011,4002809043390,Бяслагтай бялууны бэлдэц 520гр /Kasekuchen 1*8ш/,0.0,12000.0,12000.0,Ruf,,,Ширхэг,,,,,,,0.0,0.0,Y
2304121041185341240,805012,4002809036248,Солонгон өнгөт бялууны бэлдэц 815гр /Bunter party kuchen 1*6ш/,0.0,17000.0,17000.0,Ruf,,,Ширхэг,,,,,,,0.0,0.0,Y
2304121047530021232,805013,4002809037375,Аяган бялууны бэлдэц 391гр /Cup Cakes 1*7ш/,0.0,9000.0,9000.0,Ruf,,,Ширхэг,,,,,,,0.0,0.0,Y
2304121053046751274,805014,4002809021701,Блинчикны гурил 200гр /Schutteln 1*12ш/,0.0,7000.0,7000.0,Ruf,,,Ширхэг,,,,,,,0.0,0.0,Y
2304121056236431294,805015,4002809021725,Вафлины гурил 220гр /Waffeln 1*12ш/,0.0,8500.0,8500.0,Ruf,,,Ширхэг,,,,,,,0.0,0.0,Y
2304121058419711243,805016,,хямдарсан пиццаны гурил,0.0,3250.0,3250.0,Ruf,,,Ширхэг,,,,,,,0.0,0.0,Y
2304121100429431210,805017,4002809025792,Бялууны гоёлын будаг 4 өнгө 100гр /Dekor Schrift 1*9ш/,0.0,13000.0,13000.0,Ruf,,,Ширхэг,,,,,,,0.0,0.0,Y
2304121102090291235,805018,4002809024986,Бялууны 8 өнгийн будаг 8*2гр /Farbstifte 1*10ш/,0.0,24000.0,24000.0,Ruf,,,Ширхэг,,,,,,,0.0,0.0,Y
2304121104080681204,805019,4002809025648,"Бялууны чимэглэл үсэг, тоо 32гр /Dekor ABC&Zahlen 1*10ш/",0.0,13000.0,13000.0,Ruf,,,Ширхэг,,,,,,,0.0,0.0,Y
2304121105510261256,805020,4002809025853,Хүнсний будаг Classic 4 өнгийн 80гр /Lebensmittel Farben 1*17ш/,0.0,15000.0,15000.0,Ruf,,,Ширхэг,,,,,,,0.0,0.0,Y
2304121108230211205,805021,4002809025532,Хүнсний будаг Flashy 4 өнгийн 80гр /Lebensmittel Farben 1*17ш/,0.0,15000.0,15000.0,Ruf,,,Ширхэг,,,,,,,0.0,0.0,Y
2304121111513671284,805022,4002809024306,Бялууны чимэглэл үрлэн хар шоколад 100гр /SchokoTropfchen 1*14ш/,0.0,5500.0,5500.0,Ruf,,,Ширхэг,,,,,,,0.0,0.0,Y
2304121114021381252,805023,4002809025716,Бялууны чимэглэл супер баатар 130гр /heldenhaft 1*7ш/,0.0,8500.0,8500.0,Ruf,,,Ширхэг,,,,,,,0.0,0.0,Y
2304121116088331207,805024,4002809025860,Бялууны чимэглэл олон дүрст 140гр /Streusel LIEBE 1*7ш/,0.0,10500.0,10500.0,Ruf,,,Ширхэг,,,,,,,0.0,0.0,Y
2304121124326831267,805025,40352497,Бурбон ванилин сахар 3*8гр /Bourbon vanille zucker 1*22ш/,0.0,4500.0,4500.0,Ruf,,,Ширхэг,,,,,,,0.0,0.0,Y
2304121126292241247,805026,40352879,Бяслагтай бялууны тогтворжуулагч  3*60гр /Kasekuchen hilfe 1*20ш/,0.0,3000.0,3000.0,Ruf,,,Ширхэг,,,,,,,0.0,0.0,Y
2304121128247451230,805027,4002809025624,Бялууны чимэглэл бөөрөлзгөнөтөй 15гр /Naturliches Topping 1*12ш/,0.0,5000.0,5000.0,Ruf,,,Ширхэг,,,,,,,0.0,0.0,Y
2304121130505601232,805028,4002809025693,Бялууны гоёлын шингэн түрхлэг 125гр /Drip Cake Glasur 1*6ш/,0.0,10000.0,10000.0,Ruf,,,Ширхэг,,,,,,,0.0,0.0,Y
2304151438100091224,802045,,Мах тахианы Гуяны цул Chicken Skin on /1*12кг/,0.0,8100.0,8100.0,"Мах, махан бүтээгдэхүүн",,,Клограм,,,,,,,0.0,0.0,Y
2304291035218861230,1501058,,Гэрэл,0.0,0.0,0.0,Хангамж,,,Ширхэг,,,,,,,0.0,0.0,Y
2305200755476691272,807072,4311501412947,Огурцы Gurkentop 1550гр /1х*6ш/ G&G,0.0,11000.0,11000.0,Герман Хүнс,,,Ширхэг,,,,,,,0.0,0.0,Y
2305200757099181256,807073,4311596446117,Огурцы Delikates Guwerzgurken 670гр /1х*12ш/ G&G,0.0,7600.0,7600.0,Герман Хүнс,,,Ширхэг,,,,,,,0.0,0.0,Y
2305200817220231243,807074,4311501712238,Алимны нухаш Apfelmus 710гр /1х*12ш/ G&G,0.0,5000.0,5000.0,Герман Хүнс,,,Ширхэг,,,,,,,0.0,0.0,Y
2305241247431311239,808038,4311536932250,Тасалдаг уут Fruhstucksbeutel 1х*24 G&G 120ш,0.0,3400.0,3400.0,Герман ахуй,,,Ширхэг,,,,,,,0.0,0.0,Y
2306031306440221204,1501059,,Посын цаас,0.0,0.0,0.0,Хангамж,,,Ширхэг,,,,,,,0.0,0.0,Y
2309081243036941282,802013,4610138731545,Икра лососевая 95гр 1х*12 ,0.0,8500.0,8500.0,"Мах, махан бүтээгдэхүүн",,,Ширхэг,,,,,,,0.0,0.0,Y
2309081244480211292,806001,4610138730258,Амтлагч Кетчуп 230г 1х*20,0.0,1250.0,1250.0,Бусад,,,Ширхэг,,,,,,,0.0,0.0,Y
2309081245418081284,806002,4610138730517,Фитнесс Батончик клубнычный пломбир 30г 1х*25,0.0,1200.0,1200.0,Бусад,,,Ширхэг,,,,,,,0.0,0.0,Y
2309081246143101207,806003,4610138730166,Protein крепкий орешек 40г 1х*25,0.0,2000.0,2000.0,Бусад,,,Ширхэг,,,,,,,0.0,0.0,Y
2309231447140041229,807038,4311501799048,цуу Balsamico 500ml /1х*6ш/ G&G,0.0,7500.0,7500.0,Герман Хүнс,,,Ширхэг,,,,,,,0.0,0.0,Y
2309271531524111200,803011,4061849809205,Cream cheese 60% 200g 1х*12ш Ammerland,0.0,3250.0,3250.0,Сүүн бүтээгдэхүүн,,,Ширхэг,,,,,,,0.0,0.0,Y
2310240855571471263,802099,,Гахайн мах хямдруулсан Ham 5.5 кг -1хайр*2ш,0.0,28000.0,28000.0,"Мах, махан бүтээгдэхүүн",,,Клограм,,,,,,,0.0,0.0,Y
2311201405071721226,808039,4311501616505,Хувцас зайлагч Fruhlingsfrisch 50WL 1.5л /1х*6/,0.0,11200.0,11200.0,Герман ахуй,,,Ширхэг,,,,,,,0.0,0.0,Y
2311201407407781279,808040,4311501616482,Хувцас зайлагч Morgenfrish 50WL 1.5л /1х*6/,0.0,11200.0,11200.0,Герман ахуй,,,Ширхэг,,,,,,,0.0,0.0,Y
2311201410001861202,808041,4311501677537,гарын шингэн саван Milch Honig 500ml /1х*12/,0.0,5500.0,5500.0,Герман ахуй,,,Ширхэг,,,,,,,0.0,0.0,Y
2311201411481041286,808042,4311501677476,гарын шингэн саван Butter milch 500ml /1х*12/,0.0,5500.0,5500.0,Герман ахуй,,,Ширхэг,,,,,,,0.0,0.0,Y
2311280840167771257,807075,4311501634684,Өглөөний хоол Leo Crisp 750гр 1х*4ш G&G,0.0,16500.0,16500.0,Герман Хүнс,,,Ширхэг,,,,,,,0.0,0.0,Y
2403291105528081248,1501060,,Ажлын куртик /бомбор/,0.0,0.0,0.0,Хангамж,,,Ширхэг,,,,,,,0.0,0.0,Y
2404050936059521242,807076,4311501608425,Цай Fruchtetee 25*3g /1x*16ш/,0.0,5300.0,5300.0,Герман Хүнс,,,Ширхэг,,,,,,,0.0,0.0,Y
2404050937318751249,807077,4311501608487,Цай Kamillentee 25*1.5g /1x*16ш/,0.0,5300.0,5300.0,Герман Хүнс,,,Ширхэг,,,,,,,0.0,0.0,Y
2404050938059301264,807078,4311501608517,Цай Pfefferminztee 25*2.25g /1x*16ш/,0.0,5300.0,5300.0,Герман Хүнс,,,Ширхэг,,,,,,,0.0,0.0,Y
2404051112355641244,807079,4311501692790,Салат амтлагч kraurter dressing 500мл 1х*6ш G&G,0.0,8800.0,8800.0,Герман Хүнс,,,Ширхэг,,,,,,,0.0,0.0,Y
2404051138035831283,807080,4311501699164,Кофе Rostkaffee gold 500g /1х*12ш/,0.0,22000.0,22000.0,Герман Хүнс,,,Ширхэг,,,,,,,0.0,0.0,Y
2404051142294671248,807081,4311596468782,Шоколад ягаан Trauben nuss 100гр 1х*38ш G&G,0.0,3800.0,3800.0,Герман Хүнс,,,Ширхэг,,,,,,,0.0,0.0,Y
2404051144278611205,807082,4311501634363,Шоколад Ногоон Nuss voll 100гр 1х*15ш G&G,0.0,4800.0,4800.0,Герман Хүнс,,,Ширхэг,,,,,,,0.0,0.0,Y
2404051150414371209,807083,4311501763407,ЖигнэмэгDoppelkeks 500гр 1х*20ш G&G,0.0,9800.0,9800.0,Герман Хүнс,,,Ширхэг,,,,,,,0.0,0.0,Y
2404161515220861288,802046,,Мах тахианы Бугалга Drumette /1*10кг/,0.0,6700.0,6700.0,"Мах, махан бүтээгдэхүүн",,,Клограм,,,,,,,0.0,0.0,Y
2407091335170441235,808043,4311501063279,Паркет өнгөлөгч Laminat & Kork 1л 1х*5ш,0.0,5500.0,5500.0,Герман ахуй,,,Ширхэг,,,,,,,0.0,0.0,Y
2407091407566061250,808044,4311501695234,Шил цэвэрлэгч шингэн Glas Reiniger,0.0,9800.0,9800.0,Герман ахуй,,,Ширхэг,,,,,,,0.0,0.0,Y
